{"chunk_definitions":[{"row":20,"row_count":1,"visible":true,"expansion_state":0,"options":{"engine":"r","label":"setup","include":false,"dev":"png"},"document_id":"20F0DBB5","chunk_id":"csetup_chunk","chunk_label":"setup"},{"row":28,"row_count":1,"visible":true,"expansion_state":0,"options":{"engine":"r","label":"unnamed-chunk-4","dev":"png"},"document_id":"20F0DBB5","chunk_id":"c2y2xyq51cqy8","chunk_label":"unnamed-chunk-3"}],"doc_write_time":1710249201,"working_dir":null,"default_chunk_options":{"echo":true}}