{"chunk_definitions":[{"row":20,"row_count":1,"visible":true,"expansion_state":0,"options":{"engine":"r","label":"setup","include":false,"dev":"png"},"document_id":"20F0DBB5","chunk_id":"csetup_chunk","chunk_label":"setup"},{"row":279,"row_count":1,"visible":true,"expansion_state":0,"options":{"engine":"r","label":"unnamed-chunk-36","dev":"png"},"document_id":"20F0DBB5","chunk_id":"c1nks1nfvlyo8","chunk_label":"unnamed-chunk-7"}],"doc_write_time":1712330708,"working_dir":null,"default_chunk_options":{"echo":true}}