{"chunk_definitions":[{"row":23,"row_count":1,"visible":true,"expansion_state":0,"options":{"engine":"r","label":"setup","include":false,"dev":"png"},"document_id":"BF0F3E30","chunk_id":"csetup_chunk","chunk_label":"setup"},{"row":35,"row_count":1,"visible":true,"expansion_state":0,"options":{"engine":"r","label":"unnamed-chunk-2","dev":"png"},"document_id":"BF0F3E30","chunk_id":"ch4wzvz0np06p","chunk_label":"unnamed-chunk-1"},{"row":56,"row_count":1,"visible":true,"expansion_state":0,"options":{"engine":"r","label":"unnamed-chunk-23","dev":"png"},"document_id":"BF0F3E30","chunk_id":"cs0l4mhujecz4","chunk_label":"unnamed-chunk-2"},{"row":94,"row_count":1,"visible":true,"expansion_state":0,"options":{"engine":"r","label":"unnamed-chunk-28","dev":"png"},"document_id":"BF0F3E30","chunk_id":"cyhlskahtgnxd","chunk_label":"unnamed-chunk-6"},{"row":102,"row_count":1,"visible":true,"expansion_state":0,"options":{"engine":"r","label":"unnamed-chunk-29","dev":"png"},"document_id":"BF0F3E30","chunk_id":"c9or8u993ssqw","chunk_label":"unnamed-chunk-7"},{"row":110,"row_count":1,"visible":true,"expansion_state":0,"options":{"engine":"r","label":"unnamed-chunk-30","dev":"png"},"document_id":"BF0F3E30","chunk_id":"ch63eecdpdw7s","chunk_label":"unnamed-chunk-8"},{"row":121,"row_count":1,"visible":true,"expansion_state":0,"options":{"engine":"r","label":"unnamed-chunk-31","dev":"png"},"document_id":"BF0F3E30","chunk_id":"cp38ifbglkt32","chunk_label":"unnamed-chunk-9"},{"row":133,"row_count":1,"visible":true,"expansion_state":0,"options":{"engine":"r","label":"unnamed-chunk-32","dev":"png"},"document_id":"BF0F3E30","chunk_id":"cwgq1w3c8xzv3","chunk_label":"unnamed-chunk-10"},{"row":148,"row_count":1,"visible":true,"expansion_state":0,"options":{"engine":"r","label":"unnamed-chunk-33","dev":"png"},"document_id":"BF0F3E30","chunk_id":"cl1b5pfxsdyju","chunk_label":"unnamed-chunk-11"},{"row":158,"row_count":1,"visible":true,"expansion_state":0,"options":{"engine":"r","label":"unnamed-chunk-34","dev":"png"},"document_id":"BF0F3E30","chunk_id":"c4tovwocfe05h","chunk_label":"unnamed-chunk-12"},{"row":166,"row_count":1,"visible":true,"expansion_state":0,"options":{"engine":"r","label":"unnamed-chunk-35","dev":"png"},"document_id":"BF0F3E30","chunk_id":"cake8axul8oxa","chunk_label":"unnamed-chunk-13"},{"row":183,"row_count":1,"visible":true,"expansion_state":0,"options":{"engine":"r","label":"unnamed-chunk-36","dev":"png"},"document_id":"BF0F3E30","chunk_id":"c496hcw5b9s9b","chunk_label":"unnamed-chunk-14"},{"row":310,"row_count":1,"visible":true,"expansion_state":0,"options":{"engine":"r","label":"unnamed-chunk-20","dev":"png"},"document_id":"BF0F3E30","chunk_id":"cwyoi00s4dou5","chunk_label":"unnamed-chunk-26"},{"row":326,"row_count":1,"visible":true,"expansion_state":0,"options":{"engine":"r","label":"unnamed-chunk-21","dev":"png"},"document_id":"BF0F3E30","chunk_id":"ce1bwoybftavh","chunk_label":"unnamed-chunk-27"}],"doc_write_time":1712537796,"working_dir":null,"default_chunk_options":{"echo":true,"message":false,"warning":false}}