"0","univarie <- function(data, varia, titre) {"
"0","attach(data)"
"0","# table_output <- questionr::freq(varia, valid = FALSE, total = TRUE) |>"
"0"," # kbl(caption = titre) |> "
"0","  #kable_classic(full_width = F, html_font = ""Cambria"", position=""left"")"
"0","  "
"0","    # Dessiner un graphique barplot"
"0","  plot_output <- ggplot2::ggplot(data, aes(varia, fill = varia)) + "
"0","    geom_bar()+"
"0","    labs(title = titre, x="""", y="""")"
"0","  "
"0","#  print(table_output)"
"0","  print(plot_output)"
"0","}"
