"0","library(haven)"
"0","fspe <- read_dta(""C:\\Users\\ROSSA\\Documents\\ISEP3\\Semestre 2\\1\\Cours R\\2023_2024\\Données\\ETH_2010\\fsp_cgp_neighbor_anonymized.dta"")"
"0",""
"0","#View(fsp)"
"0","e=fspe |> "
"0","  select(""fsp"", ""cgp"", ""ofsp"") "
"0",""
"0","es=e |> "
"0","  names()"
"0",""
"0","essai=e |> "
"0","  dplyr::mutate(across(es, ~ sum(.x)))"
"2","Avis : [38;5;255mThere was 1 warning in `dplyr::mutate()`.[39m
[38;5;255m[36mℹ[38;5;255m In argument: `across(es, ~sum(.x))`.[39m
Caused by warning:
[38;5;255m[33m![38;5;255m Using an external vector in selections was deprecated in tidyselect 1.1.0.
[36mℹ[38;5;255m Please use `all_of()` or `any_of()` instead.
  # Was:
  data %>% select(es)

  # Now:
  data %>% select(all_of(es))

See <https://tidyselect.r-lib.org/reference/faq-external-vector.html>.
[90mThis warning is displayed once every 8 hours.[38;5;255m
[90mCall `lifecycle::last_lifecycle_warnings()` to see where this warning was[38;5;255m
[90mgenerated.[38;5;255m[39m"
"0","essai"
