"0","#library(haven)"
"0","#library(labelled) # for general functions to work with labelled data"
"0","library(tidyverse) # general wrangling"
"0","library(dplyr)"
"0","#library(Hmisc)"
"0","#library(gtsummary) # to demonstrate automatic use of variable labels in summary tables"
"0","library(readxl)"
"0","#library(foreign)"
"0","#library(sjPlot)"
"0","#library(sjmisc)"
"0","#library(sjlabelled) # for example efc data set with variable labels"
"0","#library(stringr)"
"0","library(questionr)"
"0","library(kableExtra)"
"0","library(here)"
"0","library(sf)"
"0","library(ggplot2)"
"0","library(ggspatial)"
